{
  "上海": [
    121.4700152,
    31.2312707
  ],
  "南京": [
    118.7788631,
    32.0438284
  ],
  "杭州": [
    120.2052342,
    30.2489634
  ],
  "苏州": [
    120.6212881,
    31.311123
  ],
  "无锡": [
    120.2952752,
    31.5776626
  ],
  "宁波": [
    121.6203873,
    29.8622194
  ],
  "合肥": [
    117.281428,
    31.8665676
  ],
  "济南": [
    117.1138479,
    36.6519754
  ],
  "青岛": [
    120.3777659,
    36.0663249
  ],
  "福州": [
    119.2918215,
    26.0774954
  ],
  "厦门": [
    118.0768065,
    24.5438732
  ],
  "南昌": [
    116.0348483,
    28.6472124
  ],
  "北京": [
    116.412144,
    40.190632
  ],
  "天津": [
    117.4163641,
    39.3032619
  ],
  "石家庄": [
    114.5088385,
    38.0429742
  ],
  "太原": [
    112.5437075,
    37.8699921
  ],
  "呼和浩特": [
    111.6601939,
    40.8184528
  ],
  "沈阳": [
    123.4279105,
    41.8026095
  ],
  "大连": [
    122.255833,
    39.740278
  ],
  "长春": [
    125.3180998,
    43.8844201
  ],
  "哈尔滨": [
    126.6276177,
    45.7593633
  ],
  "武汉": [
    114.2999353,
    30.5951051
  ],
  "长沙": [
    113.2384362,
    28.1450774
  ],
  "郑州": [
    113.619321,
    34.7472531
  ],
  "广州": [
    113.2592945,
    23.1301964
  ],
  "深圳": [
    114.0545429,
    22.5445741
  ],
  "珠海": [
    113.5721327,
    22.273734
  ],
  "东莞": [
    113.7452332,
    23.0183568
  ],
  "佛山": [
    113.1159558,
    23.0239788
  ],
  "香港": [
    114.1628131,
    22.2793278
  ],
  "澳门": [
    113.5380454,
    22.1899448
  ],
  "南宁": [
    108.3627211,
    22.8193063
  ],
  "海口": [
    110.1956502,
    20.0462328
  ],
  "三亚": [
    109.5034392,
    18.2534658
  ],
  "成都": [
    104.063315,
    30.659867
  ],
  "重庆": [
    107.8748712,
    30.05518
  ],
  "贵阳": [
    106.6246178,
    26.6499922
  ],
  "昆明": [
    102.7086139,
    25.0363006
  ],
  "拉萨": [
    91.1173015,
    29.6542054
  ],
  "西安": [
    108.9423363,
    34.261004
  ],
  "兰州": [
    103.733224,
    36.474436
  ],
  "西宁": [
    101.440811,
    36.824463
  ],
  "银川": [
    106.2261926,
    38.4852037
  ],
  "乌鲁木齐": [
    87.6139038,
    43.8244074
  ],
  "台北": [
    121.5636796,
    25.0375198
  ],
  "高雄": [
    120.3025796,
    22.639838
  ]
}